-- MySQL dump 10.16  Distrib 10.1.20-MariaDB, for Linux (x86_64)
--
-- Host: localhost    Database: localhost
-- ------------------------------------------------------
-- Server version	10.1.20-MariaDB

/*!40101 SET @OLD_CHARACTER_SET_CLIENT=@@CHARACTER_SET_CLIENT */;
/*!40101 SET @OLD_CHARACTER_SET_RESULTS=@@CHARACTER_SET_RESULTS */;
/*!40101 SET @OLD_COLLATION_CONNECTION=@@COLLATION_CONNECTION */;
/*!40101 SET NAMES utf8 */;
/*!40103 SET @OLD_TIME_ZONE=@@TIME_ZONE */;
/*!40103 SET TIME_ZONE='+00:00' */;
/*!40014 SET @OLD_UNIQUE_CHECKS=@@UNIQUE_CHECKS, UNIQUE_CHECKS=0 */;
/*!40014 SET @OLD_FOREIGN_KEY_CHECKS=@@FOREIGN_KEY_CHECKS, FOREIGN_KEY_CHECKS=0 */;
/*!40101 SET @OLD_SQL_MODE=@@SQL_MODE, SQL_MODE='NO_AUTO_VALUE_ON_ZERO' */;
/*!40111 SET @OLD_SQL_NOTES=@@SQL_NOTES, SQL_NOTES=0 */;

--
-- Table structure for table `ads`
--

DROP TABLE IF EXISTS `ads`;
/*!40101 SET @saved_cs_client     = @@character_set_client */;
/*!40101 SET character_set_client = utf8 */;
CREATE TABLE `ads` (
  `id` int(11) NOT NULL AUTO_INCREMENT,
  `date` text NOT NULL,
  `author` text NOT NULL,
  `type` int(11) NOT NULL,
  `cat1` text NOT NULL,
  `cat2` text NOT NULL,
  `cat3` text NOT NULL,
  `text` text NOT NULL,
  `region` text NOT NULL,
  `city` text NOT NULL,
  `status` text NOT NULL,
  `files` text NOT NULL,
  `comment` text NOT NULL,
  PRIMARY KEY (`id`)
) ENGINE=InnoDB AUTO_INCREMENT=81 DEFAULT CHARSET=utf8;
/*!40101 SET character_set_client = @saved_cs_client */;

--
-- Dumping data for table `ads`
--

LOCK TABLES `ads` WRITE;
/*!40000 ALTER TABLE `ads` DISABLE KEYS */;
INSERT INTO `ads` VALUES (45,'1482311552','11',0,'188','190','','Добрый день! Ищу пару кроссовок как на фотографии. Размер 43','2','4','11','6338491174',''),(46,'1482311817','12',1,'140','142','','Выгуляйте мою кошку. ','2','4','2','6579058337',''),(47,'1482391510','11',1,'97','101','','Нужно поменять масло в двигателе машины Skoda Rapid 1.6 MPI механика 2013 г.в. Желательно сразу с маслом и фильтром.','2','4','2','',''),(48,'1482395227','14',1,'163','166','','Ищу того, кто бы мог готовить и доставлять комплексные обеды мне, заранее согласовывая меню на неделю. ','2','4','2','66281259',''),(49,'1482400845','12',0,'235','237','','Щётку нннннада. Что бы всё чистила. Может помните, как раньше было?','2','4','1','8158184238',''),(50,'1482401032','12',0,'235','237','','Щётку нужно. Очень. Щетинистую. Как на фото','2','4','2','7991596758',''),(51,'1482405435','14',1,'167','169','','Хочу сменить пол... с мужского на женский!!! С грудью!!!','2','4','3','','Если Бог сделал тебя мальчиком, будь достоин этой великой участи'),(52,'1482406937','10',0,'178','180','','Ребзя, выручайте, куплю компьютер всякий разный, с хорошими характеристиками, чтоб игры там шли, чтоб читать и писать мог. Вот. Да что я рассказываю, взгляните на фото! Такой хочу!!!','2','4','2','7915986124',''),(53,'1482407604','14',0,'188','190','','Нужны унты как на фото. У нас сто лет такие не продают. Может кто вышлет?! Выручайте, зубы морзянку стучат от холода.','74','91','2','3764167488',''),(54,'1482475396','15',0,'178','180','','куплю ноутбук, дешево главное что бы HDMI был и Wi-Fi работал. для подключения к телевизору. ','2','4','2','',''),(55,'1482489128','10',0,'238','239','','Добрый день! Нужно сделать на даче систему автономного электропитания. Нужны варианты.','2','4','2','',''),(56,'1482490199','11',0,'178','180','','Ищу Новый игровой ноутбук. Чтобы тянул GTA V, ну и онлайн игры тянул на 5 + . Бюджет не определен - не знаю стоимость. Жду с верой и надеждой.\r\n','2','4','2','',''),(57,'1482496138','10',1,'140','141','','Полечите Gadget Freemanа!!!','2','4','3','',''),(58,'1482622065','16',0,'188','191','','Это тест с файлами, с айфона почему то максимум 1 файл прекреплчется. Прверьте на ведре как','2','10','3','5194639922',''),(59,'1482642811','12',1,'86','94','','Сниму в аренду склад. С полками и со своей территорие, что бы могла развернуться фура.','2','4','2','',''),(60,'1482656781','11',0,'188','191','','Добрый день! Ищу новые часы завода \"Луч\". Механические. Как на фото ','2','4','2','743067306','Некорректно указано аксессуары '),(61,'1482688531','14',0,'242','243','','Куплю несколько десятков килограмм яблок на варенье, да  на джем. в данном случае товарный вид- не самое важное, главное, чтоб вкусные были и цена разумная.','74','91','2','5745182386',''),(62,'1483102734','11',1,'97','100','','Нужна грузовая газель чтобы перевезти некоторые личные вещи. Перевозка нужна по городу.','2','4','2','6696475627',''),(63,'1483518909','17',1,'86','92','','Сниму квартиру в районе Арбата, 1-комнатную (не первый этаж)','2','4','2','',''),(64,'1483558696','10',0,'214','216','','Куплю коалууу, или медузу или пингвина! Куплю коалу, или медузу или пингвина! Куплю коалу, или медузу или пингвина! Куплю коалу, или медузу или пингвина! Куплю коалу, или медузу или пингвина! Куплю коалу, или медузу или пингвина! Куплю коалууу, или медузу или пингвина! Куплю коалу, или медузу или пингвина! Куплю коалу, или медузу или пингвина! Куплю коалу, или медузу или пингвина! Куплю коалу, или медузу или пингвина! Куплю коалу, или медузу или пингвина!Куплю коалууу, или медузу или пингвина! Куплю коалу, или медузу или пингвина! Куплю коалу, или медузу или пингвина! Куплю коалу, или медузу или пингвина! Куплю коалу, или медузу или пингвина! Куплю коалу, или медузу или пингвина!','2','4','3','',''),(65,'1483564751','10',0,'173','174','','Нужна ванючка для машины','2','4','11','9286323445',''),(66,'1484045095','12',0,'178','180','','Нужен адаптор на Lenova Ideapad 100. Можно в нерабочем состоянии','2','4','2','84893857',''),(67,'1484119674','36',1,'124','125','','Хей! Привет!:))) Предоставляем услуги туристического отдыха в прекрасных Алматинских горах! Профессиональные гиды, трансфер, питание, проживание и т.д., помогут вам с удовольствием провести свой отдых!','2','4','3','4092118274','Добрый день! К сожалению, вынуждены отклонить ваше объявление. Концепция нашей ленты объявлений предполагает выявление именно спроса, а не предложения. То есть, вы, как поставщик услуги, отслеживаете в ленте объявления тех, кто нуждается в услугах, которые вы посталяете. Со своей стороны, мы постаремся приложить максимум усилий для превлечения клиентов, которым будет полелезно ваше предложение!!! В любом случае, спасибо, что Вы воспользовались нашей платформой!'),(68,'1484201049','38',1,'97','101','','Автосервис \" СТО Ремонт и Обслуживание BMW\". Полный спектр услуг по диагностике,техническому обслуживанию и ремонту БМВ всех моделей. Запчасти в наличии и на заказ - оригинал, дубликат, бу.','2','4','3','4348807483','Добрый день! К сожалению, вынуждены отклонить ваше объявление.\r\n\r\nКонцепция нашей ленты объявлений предполагает выявление именно спроса, а не предложения.\r\nТо есть, вы, как поставщик услуги, отслеживаете в ленте объявления тех, кто нуждается в услугах, которые вы поставляете.\r\nСо своей стороны, мы постараемся приложить максимум усилий для привлечения клиентов, которым будет полезно ваше предложение!!!\r\n\r\nПример объявления, которое было бы интересно Вам:\r\n\r\n\"Здравствуйте,\r\n\r\nТребуется сделать диагностику поломки ходовой части. Автомобиль BMW 5-ой серии 97-го года выпуска. \r\nХотелось бы гарантию и не завышенные цены.\"\r\n  \r\n\r\nСпасибо, что Вы воспользовались нашей платформой!'),(69,'1484290576','26',0,'238','239','','Куплю диодные лампы, как в люстре - чтоб был тёплый цвет, свеча на ветру или что-то подобное. Цоколь обычный. Желательно, ближе к центру города. ','2','4','2','',''),(70,'1484310593','49',0,'','','','','2','4','3','','Дорогой пользователь! Если у Вас есть вопросы о работе нашего ресурса, мы с удовольствием ответим на них) Мы рады, что наш ресурс привлёк Ваше внимание!!! С Наступающим Старым Новым Годом!!!'),(71,'1484377943','50',1,'159','160','','Вы планируете ремонт?! Мы Вам поможем!\r\nЛюбые виды ремонтных работ (под ключ либо частичный) Качественно, не дорого, ответственно и с гарантией. Поможем с выбором материала, подскажет лучшие варианты. \r\n\r\n87053385042 - Александр\r\n','2','4','1','','Добрый день! К сожалению, вынуждены отклонить ваше объявление.\r\n\r\nКонцепция нашей ленты объявлений предполагает выявление именно спроса, а не предложения.\r\nТо есть, вы, как поставщик услуги, отслеживаете в ленте объявления тех, кто нуждается в услугах, которые вы поставляете.\r\nСо своей стороны, мы постараемся приложить максимум усилий для привлечения клиентов, которым будет полезно ваше предложение!!!\r\n\r\nСпасибо, что Вы воспользовались нашей платформой!'),(72,'1484378930','51',0,'227','230','','Ищу три новых комплекта спального белья (простыня, пододеяльник, наволочка). полуторные. Нужно 100% не синтетика','2','4','2','3271219637',''),(73,'1484381389','52',1,'97','100','','Нужно перевезти холодильник с Каменки, до Райымбека Момыш улы, напротив Магнума...Желательно завтра, точнее 15.01.2017г','2','4','2','',''),(74,'1484501790','50',1,'159','160','','Любые виды ремонтно-строительных услуг, как внутри помещения, так и снаружи. Чтобы вы не запланировали отремонтировать мы вам поможем.\r\nЧастичный, комплексный ремонт, муж на час.\r\n\r\n8705 338 50 42 Александр','2','4','1','8312414144',''),(75,'1484542838','11',1,'97','100','','Добрый день! Мне нужны и грузо и перевозки!','2','4','1','','Добрый день! У вас орфографические ошибки!'),(76,'1484552036','58',0,'214','216','','Добра всем！\r\nВнимание, нашли собаку породы карликовый пекинес... хотим отдать в добрые руки хозяевам с которыми могли бы время от времени связываться.. т.к. прежних владельцев не нашли и судя по тому состоянию в котором она была - собака не нужна была им вовсе. за собаку хотим только возместить оплату за визит к ветеринару и стрижку. пекинес девочка не  стерилизована, возраст 2-3 года. послушная...','2','4','11','7155064721',''),(77,'1484558003','59',0,'173','192','','Авто-визитки,удобная,практичная вещь,люди всегда смогут к вам дозвониться и не будут нервничать если вы преградите им дорогу,доставка бесплатно за 2шт=1000 тенге 87081499587','2','4','3','','Добрый день! К сожалению, вынуждены отклонить ваше объявление.\r\n\r\nКонцепция нашей ленты объявлений предполагает выявление именно спроса, а не предложения.\r\nТо есть, вы, как поставщик услуги, отслеживаете в ленте объявления тех, кто нуждается в услугах, которые вы поставляете. И соответственно, наоборот, если вам что-либо требуется, Вы создаёте объявление в ленту.\r\nСо своей стороны, мы постараемся приложить максимум усилий для привлечения клиентов, которым будет полезно ваше предложение!!!\r\n\r\nСпасибо, что Вы воспользовались нашей платформой!'),(78,'1484642921','62',0,'173','192','','Difkfkckffkfkckckc','29','30','2','3568626120',''),(79,'1484644979','12',0,'188','190','','Оп шлёп, не одобрять','2','4','1','9560012635',''),(80,'1484645866','14',0,'173','174','','oigf','2','4','2','','');
/*!40000 ALTER TABLE `ads` ENABLE KEYS */;
UNLOCK TABLES;

--
-- Table structure for table `black_ads`
--

DROP TABLE IF EXISTS `black_ads`;
/*!40101 SET @saved_cs_client     = @@character_set_client */;
/*!40101 SET character_set_client = utf8 */;
CREATE TABLE `black_ads` (
  `id` int(11) NOT NULL AUTO_INCREMENT,
  `user` text NOT NULL,
  `ads` text NOT NULL,
  PRIMARY KEY (`id`)
) ENGINE=InnoDB AUTO_INCREMENT=36 DEFAULT CHARSET=utf8;
/*!40101 SET character_set_client = @saved_cs_client */;

--
-- Dumping data for table `black_ads`
--

LOCK TABLES `black_ads` WRITE;
/*!40000 ALTER TABLE `black_ads` DISABLE KEYS */;
INSERT INTO `black_ads` VALUES (3,'8','31'),(5,'8','15'),(11,'8','35'),(16,'8','27'),(17,'8','26'),(18,'8','25'),(19,'8','24'),(20,'8','23'),(21,'8','22'),(22,'8','21'),(23,'8','33'),(24,'8','37'),(25,'8',''),(26,'6','35'),(34,'58','76');
/*!40000 ALTER TABLE `black_ads` ENABLE KEYS */;
UNLOCK TABLES;

--
-- Table structure for table `black_list`
--

DROP TABLE IF EXISTS `black_list`;
/*!40101 SET @saved_cs_client     = @@character_set_client */;
/*!40101 SET character_set_client = utf8 */;
CREATE TABLE `black_list` (
  `id` int(11) NOT NULL AUTO_INCREMENT,
  `good_user` text NOT NULL,
  `bad_user` text NOT NULL,
  PRIMARY KEY (`id`)
) ENGINE=InnoDB AUTO_INCREMENT=3 DEFAULT CHARSET=utf8;
/*!40101 SET character_set_client = @saved_cs_client */;

--
-- Dumping data for table `black_list`
--

LOCK TABLES `black_list` WRITE;
/*!40000 ALTER TABLE `black_list` DISABLE KEYS */;
INSERT INTO `black_list` VALUES (1,'9','6');
/*!40000 ALTER TABLE `black_list` ENABLE KEYS */;
UNLOCK TABLES;

--
-- Table structure for table `cats`
--

DROP TABLE IF EXISTS `cats`;
/*!40101 SET @saved_cs_client     = @@character_set_client */;
/*!40101 SET character_set_client = utf8 */;
CREATE TABLE `cats` (
  `id` int(11) NOT NULL AUTO_INCREMENT,
  `cat` text NOT NULL,
  `parent_id` int(11) NOT NULL,
  `type` int(11) NOT NULL,
  PRIMARY KEY (`id`)
) ENGINE=InnoDB AUTO_INCREMENT=244 DEFAULT CHARSET=utf8;
/*!40101 SET character_set_client = @saved_cs_client */;

--
-- Dumping data for table `cats`
--

LOCK TABLES `cats` WRITE;
/*!40000 ALTER TABLE `cats` DISABLE KEYS */;
INSERT INTO `cats` VALUES (2,'Десктопные',1,0),(3,'Ноутбуки',1,0),(4,'Системные блоки',2,0),(5,'Комплектующие',2,0),(6,'Видеокарты',5,0),(7,'Материнские платы',5,0),(8,'Озу',5,0),(9,'Процессоры',5,0),(10,'HP',3,0),(11,'Sony Valio',3,0),(14,'Отечественные',13,0),(15,'Иномарки',13,0),(16,'Лада',14,0),(17,'Нива',14,0),(18,'Уаз',14,0),(19,'BMW',15,0),(20,'Audi',15,0),(21,'Honda',15,0),(22,'Mazda',15,0),(24,'Переферия',2,0),(29,'Бытовая техника',28,1),(30,'Компьютеры',28,1),(36,'Телевизоры',29,1),(38,'Стиральные машины',29,1),(39,'Десктопные',30,1),(40,'Ноутбуки',30,1),(44,'Плазма',36,1),(45,'Ламповые',36,1),(67,'Десктопные',66,0),(68,'Системные блоки',67,0),(70,'Моноблоки',67,0),(71,'Ноутбуки',66,0),(72,'HP',71,0),(73,'SONY VALIO',71,0),(74,'APPLE MAC',71,0),(76,'Квартиры, Комнаты',75,0),(77,'Отдельно стоящие строения',75,0),(78,'Коммерческая недвижимость',75,0),(79,'Земля',75,0),(80,'Другое',75,0),(85,'Покупка недвижимости',0,0),(86,'Аренда недвижимости',0,1),(87,'Квартиры, Комнаты',85,0),(88,'Отдельно стоящие строения',85,0),(89,'Коммерческая недвижимость',85,0),(90,'Земля',85,0),(91,'Другое',85,0),(92,'Квартиры, Комнаты',86,1),(93,'Отдельно стоящие строения',86,1),(94,'Коммерческая недвижимость',86,1),(95,'Земля',86,1),(96,'Другое',86,1),(97,'Транспортные услуги',0,1),(98,'Курьерские услуги',97,1),(99,'Аренда транспорта',97,1),(100,'Грузоперевозки',97,1),(101,'СТО',97,1),(102,'Эвакуаторы',97,1),(103,'Экстренная техническая помощь',97,1),(104,'Тюнинг',97,1),(109,'Электроника - услуги',0,1),(112,'Ремонт и обслуживание бытовой техники',109,1),(113,'Аренда звукового оборудования и музыкальных инструментов',109,1),(114,'Аренда офисной техники (оргтехника)',109,1),(115,'Ремонт и обслуживание офисной техники',109,1),(116,'Услуги фото и видео-съёмки',109,1),(117,'Ремонт и обслуживание компьютеров, смартфонов, телефонов',109,1),(118,'Аренда студийных помещений',109,1),(119,'Одежда и обувь - услуги',0,1),(120,'Химчистка',119,1),(121,'Пошив / ремонт одежды',119,1),(122,'Пошив / ремонт обуви',119,1),(123,'Аренда одежды и обуви',119,1),(124,'Спорт - услуги',0,1),(125,'Аренда спортивного инвентаря',124,1),(126,'Аренда спортивных площадей',124,1),(127,'Услуги тренера',124,1),(128,'Ремонт и обслуживание инвентаря',124,1),(129,'Охота и рыбалка - услуги',0,1),(130,'Аренда территорий (стрельба, водоёмы и пр.)',129,1),(131,'Аренда оборудования',129,1),(132,'Прочие услуги (проводник, загонщик, чистильщик сокола)',129,1),(133,'Обучение и репетиторство - услуги',0,1),(134,'Услуги репетитора',133,1),(135,'Обучение музыке, фото- и видео-съёмке',133,1),(136,'Аренда помещений',133,1),(137,'Растениеводство - услуги',0,1),(138,'Ландшафтный дизайн',137,1),(139,'Услуга садовода',137,1),(140,'ЗооМир - услуги',0,1),(141,'Ветеринар (лечение животных)',140,1),(142,'Выгул ',140,1),(143,'Дрессировщик',140,1),(144,'Парикмахерские услуги ',140,1),(145,'Случка',140,1),(146,'Детский мир - услуги',0,1),(147,'Няни',146,1),(148,'Детские сады',146,1),(149,'Организация детских праздников',146,1),(150,'Ремонт и пошив детской одежды',146,1),(151,'Изготовление игрушек',146,1),(152,'Услуги логопедов, стоматологов, парикмахеров',146,1),(153,'Прочие услуги',146,1),(154,'Мебель - услуги',0,1),(155,'Изготовление, сборка и ремонт',154,1),(156,'Бытовая химия и клининг - услуги',0,1),(157,'Клининг',156,1),(158,'Уничтожение грызунов, насекомых  и пр.',156,1),(159,'Строительство и ремонт - услуги',0,1),(160,'Услуги специалистов',159,1),(161,'Транспортные услуги',159,1),(162,'Аренда инструментов и спецтехники',159,1),(163,'Еда - услуги',0,1),(164,'Услуги поваров',163,1),(165,'Организация фуршетов, банкетов, праздников',163,1),(166,'Доставка еды',163,1),(167,'Коллекционные товары и предметы роскоши',0,1),(168,'Реставрация и ремонт',167,1),(169,'Изготовление',167,1),(170,'Оценка',167,1),(171,'Прочее',167,1),(172,'Уникальные услуги',0,1),(173,'Транспорт',0,0),(174,'Запасные части',173,0),(176,'Транспорт',173,0),(177,'Тюнинг',173,0),(178,'Электроника',0,0),(179,'Смартфоны и гаджеты',178,0),(180,'Компьютеры',178,0),(181,'Техника для дома',178,0),(182,'Техника для кухни',178,0),(183,'ТВ и аудио',178,0),(184,'Авто товары',178,0),(185,'Детские товары',178,0),(186,'Фото и видео',178,0),(187,'Программное обеспечение',178,0),(188,'Одежда и обувь',0,0),(189,'Одежда для всей семьи',188,0),(190,'Обувь для всей семьи',188,0),(191,'Аксессуары',188,0),(192,'Аксессуары',173,0),(193,'Спорт',0,0),(194,'Спортиваня одежда и обувь',193,0),(195,'Спортивное питание',193,0),(196,'Спортивные аксессуары ',193,0),(197,'Спортивное оборудование',193,0),(198,'Охота и рыбалка',0,0),(199,'Одежда и обувь',198,0),(200,'Оборудование для охоты',198,0),(201,'Оборудование для рыбалки',198,0),(202,'Транспорт',198,0),(203,'Аксессуары и доп. оборудование',198,0),(204,'Аксессуары для транспорта',198,0),(205,'Обучение и репититорство',0,0),(206,'Школьная форма',205,0),(207,'Учебная и образовательная литература',205,0),(208,'Школьные принадлежности и аксессуары для образования',205,0),(209,'Растениеводство',0,0),(210,'Инвентарь',209,0),(211,'Семена и саженцы',209,0),(212,'Декор',209,0),(213,'Удобрения и химикаты',209,0),(214,'ЗооМир',0,0),(215,'Аксессуары',214,0),(216,'Животные',214,0),(217,'Ветеринарные препараты ',214,0),(218,'Детский мир ',0,0),(219,'Игрушки',218,0),(220,'Товары для кормления',218,0),(221,'Детский транспорт',218,0),(222,'Одежда и обувь',218,0),(223,'Товары для обучения',218,0),(224,'Электронные устройства',218,0),(225,'Детская мебель и прочее оборудование (ванны, стулья-столы)',218,0),(226,'Уход за ребёнком',218,0),(227,'Мебель',0,0),(230,'Мягкая мебель',227,0),(231,'Мебель для общественных помещений',227,0),(232,'Мебель для дома',227,0),(233,'Мебель для кухни',227,0),(234,'Мебель для сада и дачи',227,0),(235,'Бытовая химия и клининг',0,0),(236,'Бытовая химия',235,0),(237,'Аксессуары для ухода за интерьером',235,0),(238,'Строительство и ремонт',0,0),(239,'Строительные материалы',238,0),(240,'Инструмент',238,0),(241,'Спецтехника',238,0),(242,'Еда',0,0),(243,'Куплю еду',242,0);
/*!40000 ALTER TABLE `cats` ENABLE KEYS */;
UNLOCK TABLES;

--
-- Table structure for table `massages`
--

DROP TABLE IF EXISTS `massages`;
/*!40101 SET @saved_cs_client     = @@character_set_client */;
/*!40101 SET character_set_client = utf8 */;
CREATE TABLE `massages` (
  `id` int(11) NOT NULL AUTO_INCREMENT,
  `date` text NOT NULL,
  `ads` int(11) NOT NULL,
  `from_post` text NOT NULL,
  `to_post` text NOT NULL,
  `massage` text NOT NULL,
  `status` text NOT NULL,
  PRIMARY KEY (`id`)
) ENGINE=InnoDB AUTO_INCREMENT=437 DEFAULT CHARSET=utf8;
/*!40101 SET character_set_client = @saved_cs_client */;

--
-- Dumping data for table `massages`
--

LOCK TABLES `massages` WRITE;
/*!40000 ALTER TABLE `massages` DISABLE KEYS */;
INSERT INTO `massages` VALUES (167,'1480350329',70,'18','19','<a href=\'../uploads/18/chat/saawoklogo.png\'>***Файл- saawoklogo.png***</a>',''),(168,'1481569568',73,'20','19','<a href=\'../uploads/20/chat/img_avatar1.png\'>***Файл- img_avatar1.png***</a>',''),(169,'1481619979',0,'22','000','Привет!','1'),(172,'1481620085',0,'22','000','<a href=\'../uploads/22/chat/Chrysanthemum.jpg\'>***Файл- Chrysanthemum.jpg***</a>',''),(173,'1481785008',0,'6','000','Чего-то не могу ответить на чужие объявления?','1'),(174,'1481785638',0,'6','000','Ну и хули молчим?','1'),(175,'1481785707',0,'000','6','А вот хер его знает. Про писюны есть, а по делу нет','1'),(176,'1481785815',0,'6','000','Хорошо','1'),(177,'1481788126',0,'000','6','test','1'),(178,'1481788182',0,'7','000','test','1'),(179,'1481791956',0,'000','7','Тест обратно','1'),(180,'1481791970',0,'000','7','<a href=\'../uploads/000/chat/Koala.jpg\'>***Файл- Koala.jpg***</a>','1'),(181,'1481791996',0,'7','000','Попробую ответить','1'),(182,'1481792003',0,'7','000','Прикреплю файлы','1'),(183,'1481792043',0,'7','000','<a href=\'../uploads/7/chat/Lighthouse.jpg\'>***Файл- Lighthouse.jpg***</a>','1'),(184,'1481792076',0,'7','000','1','1'),(185,'1481792081',0,'7','000','2','1'),(186,'1481792084',0,'7','000','3','1'),(187,'1481792687',0,'000','7','<a href=\'../uploads/000/chat/Lighthouse.jpg\'>***Файл- Lighthouse.jpg***</a>',''),(188,'1481865001',0,'6','000','Опр май','1'),(189,'1481865013',0,'6','000','Опр май','1'),(190,'1481894882',24,'0','8','fff','1'),(191,'1482138636',33,'6','9','Неси свой компутер','1'),(192,'1482220705',33,'9','6','dsada','1'),(193,'1482222089',33,'9','6','dsada','1'),(194,'1482222119',0,'9','000','<br><small><b>Жалоба на пользователя Виталий(6)::</b></small> <br>Жалуюс',''),(195,'1482222924',29,'9','8','Привет Жопова, ща всё будет!','1'),(196,'1482234610',0,'8','000','<br><small><b>Жалоба на пользователя Служба поддержки()::</b></small> <br>КАзёл!',''),(197,'1482235852',24,'8','0','ping','0'),(198,'1482236625',24,'8','0','Данных по этому запросу слишком мало. Проверьте, нет ли ошибок в написании, или укажите более распространенное выражение.','0'),(199,'1482237944',29,'8','9','Данных по этому запросу слишком мало. Проверьте, нет ли ошибок в написании, или укажите более распространенное выражение.','0'),(200,'1482237948',29,'8','9','Данных по этому запросу слишком мало. Проверьте, нет ли ошибок в написании, или укажите более распространенное выражение.','0'),(201,'1482238717',29,'8','9','Данных по этому запросу слишком мало. Проверьте, нет ли ошибок в написании, или укажите более распространенное выражение.','0'),(202,'1482239189',29,'8','9','<a href=\'../uploads/8/chat/3.png\'>***Файл- 3.png***</a>',''),(203,'1482239427',29,'8','9','<a href=\'../uploads/8/chat/img_avatar1.png\'><img src=\'../uploads/8/chat/img_avatar1.png\' height=\'40em\'></a>\r	<!-- <a href=\'../uploads/8/chat/img_avatar1.png\'>***Файл- img_avatar1.png***</a> -->\r	',''),(204,'1482239656',29,'8','9','<a href=\'../uploads/8/chat/logo.png\' target=\'_blank\'><img src=\'../uploads/8/chat/logo.png\' height=\'40em\'></a>\r	<!-- <a href=\'../uploads/8/chat/logo.png\'>***Файл- logo.png***</a> -->\r	',''),(205,'1482239680',29,'8','9','<a href=\'../uploads/8/chat/ne.jpg\' target=\'_blank\'><img src=\'../uploads/8/chat/ne.jpg\' height=\'40em\'></a>\r	<!-- <a href=\'../uploads/8/chat/ne.jpg\'>***Файл- ne.jpg***</a> -->\r	',''),(206,'1482239793',29,'8','9','test','0'),(207,'1482239859',29,'8','9','еые','0'),(208,'1482239869',29,'8','9','еые','0'),(209,'1482239875',29,'8','9','фывфыв','0'),(210,'1482240451',29,'9','8','<a href=\'../uploads/9/chat/caret.png\' target=\'_blank\'><img src=\'../uploads/9/chat/caret.png\' height=\'40em\'></a>\r	<!-- <a href=\'../uploads/9/chat/caret.png\'>***Файл- caret.png***</a> -->\r	',''),(211,'1482241976',29,'9','8','<a href=\'../uploads/9/chat/sw.png\' target=\'_blank\'><img src=\'../uploads/9/chat/sw.png\' height=\'40em\'></a>\r	<!-- <a href=\'../uploads/9/chat/sw.png\'>***Файл- sw.png***</a> -->\r	',''),(212,'1482252231',10,'6','3','Поменяю уазик на ведро с карсей. Караси свежие, почти не пахнут. Можно сушить и с пивом кушать. ','0'),(213,'1482252249',10,'6','3','Это вот такое вот твоё сообщение?!','0'),(214,'1482252264',10,'6','3','Ты что там на том конце совсем опух?!','0'),(215,'1482253340',33,'6','9','чё надо тебе, смерд!?','0'),(216,'1482254182',13,'9','4','Кто я!','0'),(217,'1482256732',10,'6','3','<a href=\'../uploads/6/chat/2016-11-17_17-23-56.png\' target=\'_blank\'><img src=\'../uploads/6/chat/2016-11-17_17-23-56.png\' height=\'40em\'></a>\n	<!-- <a href=\'../uploads/6/chat/2016-11-17_17-23-56.png\'>***Файл- 2016-11-17_17-23-56.png***</a> -->\n	',''),(218,'1482258529',0,'6','000','<br><small><b>Жалоба на пользователя Тестовый Юзверь 3(3)::</b></small> <br>tset','1'),(219,'1482259257',0,'6','000','<br><small><b>Жалоба на пользователя Тестовый Юзверь 3(3)::</b></small> <br>tr','1'),(220,'1482304234',0,'10','000','Одмин, чо мутишь, список пресылай свой в телеграмммммм','1'),(221,'1482305719',0,'11','000','Почему я не могу подать объяву? верните мне мои деньги!!!!','1'),(222,'1482311656',45,'12','11','Есть один. За пол цены','1'),(223,'1482311685',0,'12','000','<br><small><b>Жалоба на пользователя Евгений Викторович Тумандеев(11)::</b></small> <br>Мне кажется это хмырь какой-то',''),(224,'1482311844',45,'11','12','Ногу одну отдам в замен одного кроссовка','1'),(225,'1482311956',45,'11','12','<a href=\'../uploads/11/chat/artworks-000071250602-1zgixx-t500x500.jpg\' target=\'_blank\'><img src=\'../uploads/11/chat/artworks-000071250602-1zgixx-t500x500.jpg\' height=\'40em\'></a>\n	<!-- <a href=\'../uploads/11/chat/artworks-000071250602-1zgixx-t500x500.jpg\'>***Файл- artworks-000071250602-1zgixx-t500x500.jpg***</a> -->\n	','1'),(226,'1482311967',45,'12','11','Эй, брат!','1'),(227,'1482312046',45,'12','11','<a href=\'../uploads/12/chat/images.jpg\' target=\'_blank\'><img src=\'../uploads/12/chat/images.jpg\' height=\'40em\'></a>\n	<!-- <a href=\'../uploads/12/chat/images.jpg\'>***Файл- images.jpg***</a> -->\n	','1'),(228,'1482312055',45,'11','12','Прошу прощения!','1'),(229,'1482312061',45,'12','11','Такой, только Одын','1'),(230,'1482312379',45,'11','12','И почем нынче кроссы?','1'),(231,'1482312446',0,'11','000','Шевелитесь сударъ','1'),(232,'1482312472',45,'12','11','1000 тенге','1'),(233,'1482312488',46,'11','12','А она приучена к лотку?','1'),(234,'1482312508',45,'11','12','За один или пару?','1'),(235,'1482312517',0,'000','11','Твоё пожелание исполнено','1'),(236,'1482312518',46,'12','11','Она не просто приученна к лотку, она и меня приучила','1'),(237,'1482312529',0,'000','11','Пёс... живи и радуйся ','1'),(238,'1482312548',46,'11','12','Тогда в чем вопрос??? а?','1'),(239,'1482312549',0,'000','10','Уже же','1'),(240,'1482312560',0,'000','7','ок','0'),(241,'1482312571',45,'12','11','За Одын','1'),(242,'1482312574',0,'000','6','Почём жалуемся?','0'),(243,'1482312585',45,'11','12','а за два?','1'),(244,'1482312587',46,'12','11','Она гулять хочет!!!!','1'),(245,'1482312604',45,'12','11','За два 2000 тыши','1'),(246,'1482312608',0,'11','000','Да ваше величество','1'),(247,'1482312615',45,'12','11','Но он Одын','1'),(248,'1482312775',0,'11','000','<br><small><b>Жалоба на пользователя Виталий(12)::</b></small> <br>сильно умный\r\n','1'),(249,'1482313043',0,'000','11','Хорошо, он в очереди на порку','1'),(250,'1482313795',46,'11','12','Кто ей мешает','1'),(251,'1482314028',0,'000','11','Хули ты ноешь?','1'),(252,'1482314120',46,'12','11','Ей одной скучно','1'),(253,'1482315157',45,'12','11','Ты это, брать будешь?','1'),(254,'1482380659',46,'11','12','А какая кошка у вас?','1'),(255,'1482380678',45,'11','12','Довай! ','1'),(256,'1482384539',46,'12','11','Хорошая)','1'),(257,'1482384567',45,'12','11','Порукам, Брат!','1'),(258,'1482386171',46,'11','12','Это радует! Я согласен! можно попробовать завершить сделку!','1'),(259,'1482394900',47,'14','11','И чё платишь?','1'),(260,'1482394951',46,'14','12','Какой марки кошка? Сколько км ограничение скорости у ей? ','1'),(261,'1482394990',45,'14','11','Вот, к примеру, я не вижу какой файл вложен у тебя там из чата. Надо переделать, понял!','1'),(262,'1482395921',48,'12','14','Что же ты ноешь!!! Иди и сам готовь!!!','1'),(263,'1482395948',46,'12','14','Без ограничений!!! Как суперкар, это суппперпуперкошка','1'),(264,'1482396086',48,'11','14','А есть примерное меню, которое вас заинтересовало-бы?','1'),(265,'1482396102',47,'11','14','Деньги','1'),(266,'1482396178',45,'11','14','Ты про что?','1'),(267,'1482398410',0,'000','14','Хххххххееей','1'),(268,'1482400076',48,'14','12','<a href=\'../uploads/14/chat/Anv_hOCxNV0.jpg\' target=\'_blank\'><img src=\'../uploads/14/chat/Anv_hOCxNV0.jpg\' height=\'40em\'></a>\n	<!-- <a href=\'../uploads/14/chat/Anv_hOCxNV0.jpg\'>***Файл- Anv_hOCxNV0.jpg***</a> -->\n	','1'),(269,'1482400100',48,'14','12','Извольте извиниться, сударь!','1'),(270,'1482400261',47,'14','11','Ты теперь у меня в ЧС! Так-то!','1'),(271,'1482400629',47,'11','14','Ну и что?','1'),(272,'1482400647',48,'12','14','Верни мелкого из чёрного списка!!! Мы - банда','1'),(273,'1482400654',48,'11','14','Пробуемс','1'),(274,'1482400661',45,'14','11','можешь писать мне, а!? А?!!! А!!!!!! АХа-ха-ха-ха!!','1'),(275,'1482400671',48,'12','14','Извинения для слабых','1'),(276,'1482400689',47,'14','11','ты офигел, как ты дописался до меня!?','1'),(277,'1482400708',48,'14','11','Вот, к примеру, я не вижу какой файл вложен у тебя там из чата. Надо переделать, понял!','1'),(278,'1482400719',45,'11','14','Так я не в белом списке?','1'),(279,'1482400758',47,'11','14','так это мой чат','1'),(280,'1482400784',48,'11','14','Донерку вижу','1'),(281,'1482402009',45,'14','11','<a href=\'../uploads/14/chat/_фонарь_ночь_море.jpg\' target=\'_blank\'><img src=\'../uploads/14/chat/_фонарь_ночь_море.jpg\' height=\'40em\'></a>\n	<!-- <a href=\'../uploads/14/chat/_фонарь_ночь_море.jpg\'>***Файл- _фонарь_ночь_море.jpg***</a> -->\n	','1'),(282,'1482402012',45,'14','11','<a href=\'../uploads/14/chat/Anv_hOCxNV0.jpg\' target=\'_blank\'><img src=\'../uploads/14/chat/Anv_hOCxNV0.jpg\' height=\'40em\'></a>\n	<!-- <a href=\'../uploads/14/chat/Anv_hOCxNV0.jpg\'>***Файл- Anv_hOCxNV0.jpg***</a> -->\n	','1'),(283,'1482402473',50,'11','12','Вас интересует настоящая или искуственная  щетина?','1'),(284,'1482405751',50,'12','11','Поросяшкина','1'),(285,'1482406046',51,'11','14','Это будет не легко - это вам известно?','1'),(286,'1482406067',50,'11','12','Поняяятно','1'),(287,'1482406528',51,'14','11','Это объявление приостановлено, так-то!','1'),(288,'1482406544',47,'14','11','ладно, я прощаю тебя тогда.','1'),(289,'1482406558',45,'14','11','нет','1'),(290,'1482406590',48,'14','12','Я поразмышляю об этом на досуге','1'),(291,'1482406685',46,'14','12','<a href=\'../uploads/14/chat/logo[1].png\' target=\'_blank\'><img src=\'../uploads/14/chat/logo[1].png\' height=\'40em\'></a>\n	<!-- <a href=\'../uploads/14/chat/logo[1].png\'>***Файл- logo[1].png***</a> -->\n	','1'),(292,'1482406726',48,'14','11','Мне кажется, взрослый человек не в силах выжить без борща! ','1'),(293,'1482406753',48,'14','11','<a href=\'../uploads/14/chat/6659[1].jpg\' target=\'_blank\'><img src=\'../uploads/14/chat/6659[1].jpg\' height=\'40em\'></a>\n	<!-- <a href=\'../uploads/14/chat/6659[1].jpg\'>***Файл- 6659[1].jpg***</a> -->\n	','1'),(294,'1482406761',46,'14','12','хм','1'),(295,'1482406776',46,'14','12','при отправке картинки не считается, что сообщение прочитано','1'),(296,'1482406799',51,'14','11','а ты знал, что сообщения можно отправлять клавишей Enter','1'),(297,'1482406804',51,'14','11','?','1'),(298,'1482406970',0,'10','000','ok','1'),(299,'1482407024',52,'14','10','Ну допустим, есть такой компьютер. За сколько возьмёшь такой, а!?','1'),(300,'1482407032',52,'14','10','руку готов за него отдать?','1'),(301,'1482407412',0,'14','000','Я вот думаю, может мне почту всяко изменить... или имя... или добавить одну почту, вы тоже подумайте. Чё я один думаю, ёпта!','1'),(302,'1482407487',52,'11','10','<a href=\'../uploads/11/chat/strela.jpg\' target=\'_blank\'><img src=\'../uploads/11/chat/strela.jpg\' height=\'40em\'></a>\n	<!-- <a href=\'../uploads/11/chat/strela.jpg\'>***Файл- strela.jpg***</a> -->\n	',''),(303,'1482407510',52,'11','10','такой пойдет? от деда остался','0'),(304,'1482407540',48,'11','14','эт правда','1'),(305,'1482407562',45,'11','14','жаль','1'),(306,'1482407588',51,'11','14','дааа','1'),(307,'1482408280',48,'14','11','1','1'),(308,'1482408300',45,'14','11','чё тебе жаль, ёпта?!','1'),(309,'1482408308',51,'14','11','не пиши мне больше, чмо!','1'),(310,'1482411767',0,'11','000','<br><small><b>Жалоба на пользователя Gadget Freeman(14)::</b></small> <br>Матерными словами грубит',''),(311,'1482411801',48,'11','14','чмо','1'),(312,'1482412488',52,'12','10','Долго же ты будешь искать в своём регионе))))','0'),(313,'1482414226',0,'000','14','Я не понял, что ты думаешь','1'),(314,'1482478198',0,'000','15','Танюша, я тебе не обещаю, что прям сразу найдётся, нас пока что здесь шестеро. С уважением, администратор Виталий!)','1'),(315,'1482486762',0,'14','000','Ты там тише, да! Я тебя по ip-адресу вычислю, понял! Поддержка, млин!','1'),(316,'1482486774',48,'14','11','сам чмо!','1'),(317,'1482488359',0,'000','14','Ты на кого тяфкаешь!!!!','1'),(318,'1482488375',0,'000','14','Вычислятель','1'),(319,'1482489004',48,'11','14','я тебя вычислю! Слыш ты','1'),(320,'1482494512',55,'14','10','Лоось!','1'),(321,'1482494535',55,'14','10','Лосось!','1'),(322,'1482494564',55,'10','14','ЛОх, пидр!','1'),(323,'1482494564',55,'14','10','Лосина, ответь мне!','1'),(324,'1482494570',55,'10','14','<a href=\'../uploads/10/chat/Chrysanthemum.jpg\' target=\'_blank\'><img src=\'../uploads/10/chat/Chrysanthemum.jpg\' height=\'40em\'></a>\n	<!-- <a href=\'../uploads/10/chat/Chrysanthemum.jpg\'>***Файл- Chrysanthemum.jpg***</a> -->\n	','1'),(325,'1482494578',55,'10','14','Это твоё очко!','1'),(326,'1482494626',55,'14','10','Ты меня в ЧС хочешь добавить, лошадь?!','1'),(327,'1482494645',55,'14','10','Говори со мной, черныш!','1'),(328,'1482494676',55,'14','10','Конь!','1'),(329,'1482494684',55,'14','10','Ты конь!!!','1'),(330,'1482494699',55,'14','10','Коняра, ты меня забанил штоль!','1'),(331,'1482494706',55,'14','10','Эээээ!!!','1'),(332,'1482494761',55,'14','10','Слышь, ты, блин! Чё ты молчишь, подлец!!!','1'),(333,'1482494921',0,'14','000','<a href=\'../uploads/14/chat/Fuck-off-Sir-by-Fuck-off-Factory-SNP51409420-600x600.jpg\' target=\'_blank\'><img src=\'../uploads/14/chat/Fuck-off-Sir-by-Fuck-off-Factory-SNP51409420-600x600.jpg\' height=\'40em\'></a>\n	<!-- <a href=\'../uploads/14/chat/Fuck-off-Sir-by-Fuck-off-Factory-SNP51409420-600x600.jpg\'>***Файл- Fuck-off-Sir-by-Fuck-off-Factory-SNP51409420-600x600.jpg***</a> -->\n	',''),(334,'1482495378',48,'14','11','<a href=\'../uploads/14/chat/Fuck-off-Sir-by-Fuck-off-Factory-SNP51409420-600x600.jpg\' target=\'_blank\'><img src=\'../uploads/14/chat/Fuck-off-Sir-by-Fuck-off-Factory-SNP51409420-600x600.jpg\' height=\'40em\'></a>\n	<!-- <a href=\'../uploads/14/chat/Fuck-off-Sir-by-Fuck-off-Factory-SNP51409420-600x600.jpg\'>***Файл- Fuck-off-Sir-by-Fuck-off-Factory-SNP51409420-600x600.jpg***</a> -->\n	',''),(335,'1482495836',0,'14','000','<a href=\'../uploads/14/chat/Fuck-off-Sir-by-Fuck-off-Factory-SNP51409420-600x600.jpg\' target=\'_blank\' id=\'img1482495836\'><img src=\'../uploads/14/chat/Fuck-off-Sir-by-Fuck-off-Factory-SNP51409420-600x600.jpg\' height=\'40em\'></a>\n	\n\n	<script type=\'text/javascript\'>\n	\n			\n	\n			$(document).ready(function() {\n		\n				$(\'#img1482495836\').fancybox({\n					openEffect  : \'elastic\',\n					closeEffect : \'elastic\',\n					nextEffect  : \'elastic\',\n					prevEffect  : \'elastic\'\n				\n				\n				\n				});\n			});\n		</script>\n	\n			\n\n	\n	<!-- <a href=\'../uploads/14/chat/Fuck-off-Sir-by-Fuck-off-Factory-SNP51409420-600x600.jpg\'>***Файл- Fuck-off-Sir-by-Fuck-off-Factory-SNP51409420-600x600.jpg***</a> -->\n	',''),(336,'1482495878',55,'14','10','<a href=\'../uploads/14/chat/Fuck-off-Sir-by-Fuck-off-Factory-SNP51409420-600x600.jpg\' target=\'_blank\' id=\'img1482495878\'><img src=\'../uploads/14/chat/Fuck-off-Sir-by-Fuck-off-Factory-SNP51409420-600x600.jpg\' height=\'40em\'></a>\n	\n\n	<script type=\'text/javascript\'>\n	\n			\n	\n			$(document).ready(function() {\n		\n				$(\'#img1482495878\').fancybox({\n					openEffect  : \'elastic\',\n					closeEffect : \'elastic\',\n					nextEffect  : \'elastic\',\n					prevEffect  : \'elastic\'\n				\n				\n				\n				});\n			});\n		</script>\n	\n			\n\n	\n	<!-- <a href=\'../uploads/14/chat/Fuck-off-Sir-by-Fuck-off-Factory-SNP51409420-600x600.jpg\'>***Файл- Fuck-off-Sir-by-Fuck-off-Factory-SNP51409420-600x600.jpg***</a> -->\n	','1'),(337,'1482495942',0,'10','000','<br><small><b>Жалоба на пользователя Gadget Freeman(14)::</b></small> <br>Данный пользователь редиска(',''),(338,'1482496288',55,'10','14','Пидорок привет!','1'),(339,'1482496367',0,'10','000','<br><small><b>Жалоба на пользователя Gadget Freeman(14)::</b></small> <br>Сайпал он, пидр какой- та, обижает меня(((',''),(340,'1482496439',55,'14','10','Я не хочу больше с Вами общаться!','1'),(341,'1482496540',45,'12','11','<a href=\'../uploads/12/chat/images.jpg\' target=\'_blank\' id=\'img1482496540\'><img src=\'../uploads/12/chat/images.jpg\' height=\'40em\'></a>\n	\n\n	<script type=\'text/javascript\'>\n	\n			\n	\n			$(document).ready(function() {\n		\n				$(\'#img1482496540\').fancybox({\n					openEffect  : \'elastic\',\n					closeEffect : \'elastic\',\n					nextEffect  : \'elastic\',\n					prevEffect  : \'elastic\'\n				\n				\n				\n				});\n			});\n		</script>\n	\n			\n\n	\n	<!-- <a href=\'../uploads/12/chat/images.jpg\'>***Файл- images.jpg***</a> -->\n	',''),(342,'1482498231',46,'14','12','<a href=\'../uploads/14/chat/logo[1].png\' target=\'_blank\' id=\'img1482498231\'><img src=\'../uploads/14/chat/logo[1].png\' height=\'40em\'></a>\n	\n\n	<script type=\'text/javascript\'>\n	\n			\n	\n			$(document).ready(function() {\n		\n				$(\'#img1482498231\').fancybox({\n					openEffect  : \'elastic\',\n					closeEffect : \'elastic\',\n					nextEffect  : \'elastic\',\n					prevEffect  : \'elastic\'\n				\n				\n				\n				});\n			});\n		</script>\n	\n			\n\n	\n	<!-- <a href=\'../uploads/14/chat/logo[1].png\'>***Файл- logo[1].png***</a> -->\n	',''),(343,'1482621830',0,'16','000','<a href=\'../uploads/16/chat/image.jpg\' target=\'_blank\' id=\'img1482621830\'><img src=\'../uploads/16/chat/image.jpg\' height=\'40em\'></a>\n	\n\n	<script type=\'text/javascript\'>\n	\n			\n	\n			$(document).ready(function() {\n		\n				$(\'#img1482621830\').fancybox({\n					openEffect  : \'elastic\',\n					closeEffect : \'elastic\',\n					nextEffect  : \'elastic\',\n					prevEffect  : \'elastic\'\n				\n				\n				\n				});\n			});\n		</script>\n	\n			\n\n	\n	<!-- <a href=\'../uploads/16/chat/image.jpg\'>***Файл- image.jpg***</a> -->\n	','1'),(344,'1482621884',0,'16','000','Тестирую с мобилки, вполне юзабельго, и фотки тоже передаются','1'),(345,'1482644837',0,'000','16','это хорошо','0'),(346,'1482687618',60,'14','11','А где фото?','1'),(347,'1482734469',60,'11','14','Извините меня! Бегу редактировать!','1'),(348,'1482742951',60,'11','14','А в данный момент диалога, вы видите изображение?','1'),(349,'1482817264',61,'11','14','<a href=\'../uploads/11/chat/17fc573c94962a5da10375ab770b8c09.jpg\' target=\'_blank\' id=\'img1482817264\'><img src=\'../uploads/11/chat/17fc573c94962a5da10375ab770b8c09.jpg\' height=\'40em\'></a>\n	\n\n	<script type=\'text/javascript\'>\n	\n			\n	\n			$(document).ready(function() {\n		\n				$(\'#img1482817264\').fancybox({\n					openEffect  : \'elastic\',\n					closeEffect : \'elastic\',\n					nextEffect  : \'elastic\',\n					prevEffect  : \'elastic\'\n				\n				\n				\n				});\n			});\n		</script>\n	\n			\n\n	\n	<!-- <a href=\'../uploads/11/chat/17fc573c94962a5da10375ab770b8c09.jpg\'>***Файл- 17fc573c94962a5da10375ab770b8c09.jpg***</a> -->\n	','1'),(350,'1482817276',61,'11','14','<a href=\'../uploads/11/chat/original.jpeg\' target=\'_blank\' id=\'img1482817276\'><img src=\'../uploads/11/chat/original.jpeg\' height=\'40em\'></a>\n	\n\n	<script type=\'text/javascript\'>\n	\n			\n	\n			$(document).ready(function() {\n		\n				$(\'#img1482817276\').fancybox({\n					openEffect  : \'elastic\',\n					closeEffect : \'elastic\',\n					nextEffect  : \'elastic\',\n					prevEffect  : \'elastic\'\n				\n				\n				\n				});\n			});\n		</script>\n	\n			\n\n	\n	<!-- <a href=\'../uploads/11/chat/original.jpeg\'>***Файл- original.jpeg***</a> -->\n	','1'),(351,'1482817337',61,'11','14','Доброго дня вам, товарищь! Есть наливные медовые яблоньки и грушчешки! Фото выше! Жду ответа с надеждой в глазах! ','1'),(352,'1482831679',61,'14','11','Какая цена ваших наливных, сударушка?','1'),(353,'1482831732',60,'14','11','Да, спасибо. Вижу. Фото не очень качественное, цвет фона можно было бы подобрать другой, а так, в целом, терпимо...','1'),(354,'1482832982',60,'11','14','И что? Есть что предложить?','1'),(355,'1482833014',61,'11','14','Яблонек или грушочек?','1'),(356,'1482846078',61,'11','14','1) кафель 3500 \r\n2)\r\n\r\n','1'),(357,'1482849659',61,'14','11','всего, ёпта, всёго!','1'),(358,'1482856259',60,'14','11','Хм, возможно','1'),(359,'1482932790',48,'17','14','test','1'),(360,'1482932849',48,'14','17','nice','1'),(362,'1483609409',0,'11','000','<br><small><b>Жалоба на пользователя Леха(10)::</b></small> <br>Я считаю что данное объявление носит террористический характер!\r\n',''),(363,'1483681698',63,'11','17','Вот как раз есть 1-комнатная! но на 1 этаже!\r\n','0'),(364,'1483681825',65,'11','10','Судя по фотографии к заявке, вам нужна вонючка с запахом розы?\r\n','1'),(365,'1483702849',52,'10','14','ПИДР!\r\n','1'),(366,'1483702854',52,'10','14','ЛОХ!!!','1'),(367,'1483702864',52,'10','14','TEST LATINITSI','1'),(368,'1483702994',52,'10','14','Дапй вотправим','1'),(369,'1483703061',52,'10','14','ПЕДРИЛКО','1'),(370,'1483703080',52,'10','14','Ну а если много текта написать, чо будет','1'),(371,'1483703121',52,'10','14','Ребзя, выручайте, куплю компьютер всякий разный, с хорошими характеристиками, чтоб игры там шли, чтоб читать и писать мог. Вот. Да что я расс','1'),(372,'1483703145',52,'10','14','вфывфвф','1'),(373,'1483703202',52,'10','14','1111111111111111111','1'),(374,'1483703351',52,'10','14','Превед, это тест!','1'),(375,'1483703356',52,'10','14','This is test','1'),(376,'1483704178',52,'10','14','Должно работать','1'),(377,'1483704254',52,'10','14','Видишь кодировку?','1'),(378,'1483704309',65,'10','11','Насяльника, сообщения через чат на почту приходять ^ ^','1'),(379,'1483704787',65,'11','10','нук, напишите еще, сударь\r\n','0'),(380,'1483704790',65,'11','10','нук, напишите еще, сударь\r\n','0'),(381,'1483705367',55,'10','14','test','1'),(382,'1483705510',55,'10','14','Добрый день! Нужно сделать на даче систему автономного электропитания. Нужны варианты. ','1'),(383,'1483705516',55,'10','14','<a href=\'../uploads/10/chat/Desert.jpg\' target=\'_blank\' id=\'img1483705516\'><img src=\'../uploads/10/chat/Desert.jpg\' height=\'40em\'></a>\n	\n\n	<script type=\'text/javascript\'>\n	\n			\n	\n			$(document).ready(function() {\n		\n				$(\'#img1483705516\').fancybox({\n					openEffect  : \'elastic\',\n					closeEffect : \'elastic\',\n					nextEffect  : \'elastic\',\n					prevEffect  : \'elastic\'\n				\n				\n				\n				});\n			});\n		</script>\n	\n			\n\n	\n	<!-- <a href=\'../uploads/10/chat/Desert.jpg\'>***Файл- Desert.jpg***</a> -->\n	','1'),(384,'1483705570',55,'10','14','<a href=\'../uploads/10/chat/Chrysanthemum.jpg\' target=\'_blank\' id=\'img1483705570\'><img src=\'../uploads/10/chat/Chrysanthemum.jpg\' height=\'40em\'></a>\n	\n\n	<script type=\'text/javascript\'>\n	\n			\n	\n			$(document).ready(function() {\n		\n				$(\'#img1483705570\').fancybox({\n					openEffect  : \'elastic\',\n					closeEffect : \'elastic\',\n					nextEffect  : \'elastic\',\n					prevEffect  : \'elastic\'\n				\n				\n				\n				});\n			});\n		</script>\n	\n			\n\n	\n	<!-- <a href=\'../uploads/10/chat/Chrysanthemum.jpg\'>***Файл- Chrysanthemum.jpg***</a> -->\n	','1'),(385,'1483705582',55,'10','14','Если сделка','1'),(386,'1483705916',55,'10','14','test','1'),(387,'1483706048',52,'14','10','6','0'),(388,'1483767666',55,'14','10','Чу там ?\r\n,','0'),(389,'1484061351',46,'34','12','могу выгулять к себе домой) навсегда','1'),(390,'1484061353',46,'34','12','могу выгулять к себе домой) навсегда','1'),(391,'1484063116',46,'12','34','Навсегда никак нельзя)))) Я что делать буду без кошки?)))) Но всё равно, спасибо за предложение! ','0'),(392,'1484069053',61,'26','14','test','1'),(393,'1484069171',61,'26','14','test2','1'),(394,'1484069419',61,'26','14','test3','1'),(395,'1484069519',61,'26','14','test4','1'),(396,'1484069788',61,'26','14','test5','1'),(397,'1484070038',61,'26','14','test6','1'),(398,'1484113262',48,'35','14','Могу посоветовать очень вкусные обеды.  87012123468','1'),(399,'1484113295',48,'35','14','https://www.instagram.com/obedy_ot_mamy/','1'),(400,'1484121695',0,'000','36','Добрый день!  К сожалению, вынужлены отклонить ваше объявление. Концепция нашей ленты объявлений предполагает выявление именно спроса, а не предложения. То есть, вы, как поставщик услуги, отслеживаете в ленте объявления тех, кто нуждается в услугах, которые вы посталяете. Со своей стороны, мы постаремся приложить максимум усилий для превлечения клиентов, которым будет полелезно ваше предложение!!! В любом случае,  спасибо,  что Вы воспользовались нашей платформой!','0'),(401,'1484132922',48,'14','35','Здравствуйте. \r\n\r\nСпасибо большое за отзыв, подписался на канал и непременно будем рассматривать Вас в будущем как поставщиков вкусной и полезной еды. Так же, получена рекомендация от Виталия Викторовича. \r\n','0'),(402,'1484134167',61,'14','26','ok','1'),(403,'1484380879',72,'11','51','Я тоже ищу! Удачи!!\r\n','1'),(404,'1484381187',72,'51','11','и тебе Бро','1'),(405,'1484553371',76,'27','58','Здравствуйте!!!\r\n\r\nК сожалению, Ваше объявление не совсем соответствует концепции SaaWok - мы стремимся выявить спрос, а не предложение. Нашей концепции более соответствовало бы объявление следующего содержания: \"Добра всем! Внимание, ищем собаку породы карликовый пикинес...\" \r\n\r\nНо учитывая, что мы тоже ратуем за справедливое отношение к животным, старикам и детям, мы искренне надеемся, что среди наших пользователей найдётся человек, который станет заботливым хозяином Вашему Найдёнышу!!!\r\n\r\nС уважением, администрация SaaWok!!!\r\n\r\n \r\n','1'),(406,'1484555006',76,'58','27','спасибо большое за публикацию）','1'),(407,'1484555009',76,'58','27','спасибо большое за публикацию）','1'),(408,'1484555011',76,'58','27','спасибо большое за публикацию）','1'),(409,'1484555212',76,'27','58','Не за что! Это наша работа! Хорошего Вам дня)','1'),(410,'1484642983',65,'11','10','Леша как дела','0'),(411,'1484643023',78,'11','62','Че за?','1'),(412,'1484643042',78,'11','62','<a href=\'../uploads/11/chat/original.jpeg\' target=\'_blank\' id=\'img1484643042\'><img src=\'../uploads/11/chat/original.jpeg\' height=\'40em\'></a>\n	\n	<script type=\'text/javascript\'>\n			$(document).ready(function() {\n		\n				$(\'#img1484643042\').fancybox({\n					openEffect  : \'elastic\',\n					closeEffect : \'elastic\',\n					nextEffect  : \'elastic\',\n					prevEffect  : \'elastic\'\n				\n				\n				\n				});\n			});\n		</script>\n	\n			\n\n	','1'),(413,'1484643042',78,'12','62','<a href=\'../uploads/12/chat/images.jpg\' target=\'_blank\' id=\'img1484643042\'><img src=\'../uploads/12/chat/images.jpg\' height=\'40em\'></a>\n	\n	<script type=\'text/javascript\'>\n			$(document).ready(function() {\n		\n				$(\'#img1484643042\').fancybox({\n					openEffect  : \'elastic\',\n					closeEffect : \'elastic\',\n					nextEffect  : \'elastic\',\n					prevEffect  : \'elastic\'\n				\n				\n				\n				});\n			});\n		</script>\n	\n			\n\n	','1'),(414,'1484643053',78,'62','11','???? дарова','1'),(415,'1484643057',78,'12','62','Что как?','1'),(416,'1484643079',78,'11','62','Ты вопросы отправил и как?','1'),(417,'1484643110',50,'12','11','Братюня','1'),(418,'1484643115',78,'11','62','<a href=\'../uploads/11/chat/FB_IMG_1483501466554.jpg\' target=\'_blank\' id=\'img1484643115\'><img src=\'../uploads/11/chat/FB_IMG_1483501466554.jpg\' height=\'40em\'></a>\n	\n	<script type=\'text/javascript\'>\n			$(document).ready(function() {\n		\n				$(\'#img1484643115\').fancybox({\n					openEffect  : \'elastic\',\n					closeEffect : \'elastic\',\n					nextEffect  : \'elastic\',\n					prevEffect  : \'elastic\'\n				\n				\n				\n				});\n			});\n		</script>\n	\n			\n\n	','1'),(419,'1484643181',78,'11','62','<a href=\'../uploads/11/chat/IMG_20161221_154525.jpg\' target=\'_blank\' id=\'img1484643181\'><img src=\'../uploads/11/chat/IMG_20161221_154525.jpg\' height=\'40em\'></a>\n	\n	<script type=\'text/javascript\'>\n			$(document).ready(function() {\n		\n				$(\'#img1484643181\').fancybox({\n					openEffect  : \'elastic\',\n					closeEffect : \'elastic\',\n					nextEffect  : \'elastic\',\n					prevEffect  : \'elastic\'\n				\n				\n				\n				});\n			});\n		</script>\n	\n			\n\n	','1'),(420,'1484643254',50,'11','12','<a href=\'../uploads/11/chat/FB_IMG_1483501466554.jpg\' target=\'_blank\' id=\'img1484643254\'><img src=\'../uploads/11/chat/FB_IMG_1483501466554.jpg\' height=\'40em\'></a>\n	\n	<script type=\'text/javascript\'>\n			$(document).ready(function() {\n		\n				$(\'#img1484643254\').fancybox({\n					openEffect  : \'elastic\',\n					closeEffect : \'elastic\',\n					nextEffect  : \'elastic\',\n					prevEffect  : \'elastic\'\n				\n				\n				\n				});\n			});\n		</script>\n	\n			\n\n	','1'),(421,'1484643278',78,'62','12','<a href=\'../uploads/62/chat/image.png\' target=\'_blank\' id=\'img1484643278\'><img src=\'../uploads/62/chat/image.png\' height=\'40em\'></a>\n	\n	<script type=\'text/javascript\'>\n			$(document).ready(function() {\n		\n				$(\'#img1484643278\').fancybox({\n					openEffect  : \'elastic\',\n					closeEffect : \'elastic\',\n					nextEffect  : \'elastic\',\n					prevEffect  : \'elastic\'\n				\n				\n				\n				});\n			});\n		</script>\n	\n			\n\n	','1'),(422,'1484643303',78,'62','12','Для начала падет','1'),(423,'1484643337',78,'12','62','Ок','1'),(424,'1484643398',50,'12','11','Привет ','1'),(425,'1484643402',50,'11','12','А я виже','1'),(426,'1484643415',66,'62','12','Как оно?','1'),(427,'1484643472',61,'14','11','Чё!!!!','1'),(428,'1484643481',66,'12','62','Чуток не интуитивно','0'),(429,'1484643500',78,'62','12','Исходящие пропадают чтоле, или это кэш','1'),(430,'1484643541',61,'11','14','Чекать в чекальной будешь! Слыш','0'),(431,'1484643547',61,'11','14','<a href=\'../uploads/11/chat/FB_IMG_1483501466554.jpg\' target=\'_blank\' id=\'img1484643547\'><img src=\'../uploads/11/chat/FB_IMG_1483501466554.jpg\' height=\'40em\'></a>\n	\n	<script type=\'text/javascript\'>\n			$(document).ready(function() {\n		\n				$(\'#img1484643547\').fancybox({\n					openEffect  : \'elastic\',\n					closeEffect : \'elastic\',\n					nextEffect  : \'elastic\',\n					prevEffect  : \'elastic\'\n				\n				\n				\n				});\n			});\n		</script>\n	\n			\n\n	',''),(432,'1484643789',69,'14','26','Чё там брат?!','0'),(433,'1484644279',66,'12','62','Привет! ','0'),(434,'1484644372',72,'11','51','Как дела','0'),(435,'1484648528',80,'12','14','Что ты хочешь-то?','1'),(436,'1484656400',80,'14','12','Чё-нить','1');
/*!40000 ALTER TABLE `massages` ENABLE KEYS */;
UNLOCK TABLES;

--
-- Table structure for table `regions`
--

DROP TABLE IF EXISTS `regions`;
/*!40101 SET @saved_cs_client     = @@character_set_client */;
/*!40101 SET character_set_client = utf8 */;
CREATE TABLE `regions` (
  `id` int(11) NOT NULL AUTO_INCREMENT,
  `cat` text NOT NULL,
  `parent_id` text NOT NULL,
  `type` text NOT NULL,
  PRIMARY KEY (`id`)
) ENGINE=InnoDB AUTO_INCREMENT=222 DEFAULT CHARSET=utf8;
/*!40101 SET character_set_client = @saved_cs_client */;

--
-- Dumping data for table `regions`
--

LOCK TABLES `regions` WRITE;
/*!40000 ALTER TABLE `regions` DISABLE KEYS */;
INSERT INTO `regions` VALUES (2,'Алматинская область','','2'),(4,'Алматы','2','2'),(8,'Астана','3','2'),(9,'Кокчетау','3','2'),(10,'Капшагай','2','2'),(11,'Талдыкорган','2','2'),(12,'Текели','2','2'),(13,'Ушарал','2','2'),(14,'Баканас','2','2'),(15,'Уштобе','2','2'),(16,'Жансугуров','2','2'),(17,'Сарканд','2','2'),(18,'Балпык-Би','2','2'),(19,'Карабулак','2','2'),(20,'Сарыозек','2','2'),(21,'Жаркент','2','2'),(22,'Узынагаш','2','2'),(23,'Отеген-Батыр','2','2'),(24,'Каскелен','2','2'),(25,'Талгар','2','2'),(26,'Есик','2','2'),(27,'Чунджа','2','2'),(28,'Кеген','2','2'),(29,'Акмолинская область','','2'),(30,'	Астана','29','2'),(31,'Кокшетау','29','2'),(32,'Степногорск','29','2'),(33,'Акколь','29','2'),(34,'Аршалы','29','2'),(35,'Астраханка','29','2'),(36,'Атбасар','29','2'),(37,'Макинск','29','2'),(38,'Щучинск','29','2'),(39,'Егиндыколь','29','2'),(40,'Степняк','29','2'),(41,'Ерейментау','29','2'),(42,'Есиль','29','2'),(43,'Жаксы','29','2'),(44,'Державинск','29','2'),(45,'Зеренда','29','2'),(46,'Коргалжын','29','2'),(47,'Баклкашино','29','2'),(48,'Акмол','29','2'),(49,'Шортанды','29','2'),(51,'Актюбинская область','','2'),(52,'Актобе','51','2'),(53,'Алга','51','2'),(54,'Комсомольское','51','2'),(55,'Карауылкельды','51','2'),(56,'Иргиз','51','2'),(57,'Бадамша','51','2'),(58,'Мартук','51','2'),(59,'Кандыагаш','51','2'),(60,'Уил','51','2'),(61,'Шубаркудук','51','2'),(62,'Кобда','51','2'),(63,'Хромтау','51','2'),(64,'Шалкар','51','2'),(65,'Атырауская область','','2'),(66,'Атырау','65','2'),(67,'Кульсары','65','2'),(68,'Индерборский','65','2'),(69,'Аккистау','65','2'),(70,'Макат','65','2'),(71,'Ганюшкино','65','2'),(72,'Миялы','65','2'),(73,'Махамбет','65','2'),(74,'Восточно-Казахстанская область','','2'),(75,'Курчатов','74','2'),(76,'Риддер','74','2'),(77,'Семей','74','2'),(78,'Усть-Каменогорск','74','2'),(79,'Карааул','74','2'),(80,'Аягоз','74','2'),(81,'Бескарагай','74','2'),(82,'Бородулхина','74','2'),(83,'Глубокое','74','2'),(84,'Калбатау','74','2'),(85,'Зайсан','74','2'),(86,'Зыряновск','74','2'),(87,'Улькен-Нарын','74','2'),(88,'Кокпекты','74','2'),(89,'Куршим','74','2'),(90,'Аксуат','74','2'),(91,'посёлок Касыма Кайсенова','74','2'),(92,'Урджар','74','2'),(93,'Шемонаиха','74','2'),(94,'Жамбылская область','','2'),(95,'Тараз','94','2'),(96,'Сарыкемер','94','2'),(97,'Аса','94','2'),(98,'Момышулы','94','2'),(99,'Кордай (бывшая Георгиевка)','94','2'),(100,'Мерке','94','2'),(101,'Мойнкум','94','2'),(102,'Кулан','94','2'),(103,'Жанатас','94','2'),(104,'Каратау','94','2'),(105,'Шубаркудук','94','2'),(106,'Западно-Казахстанская область','','2'),(107,'Уральск','106','2'),(108,'Перемётное','106','2'),(109,'Фёдоровка','106','2'),(110,'Аксай','106','2'),(111,'Чингирлау','106','2'),(112,'Жанибек','106','2'),(113,'Казталовка','106','2'),(114,'Чапаев','106','2'),(115,'Жымпиты','106','2'),(116,'Каратобе','106','2'),(117,'Сайхин','106','2'),(118,'Таскала','106','2'),(119,'Жангала','106','2'),(120,'Карагандинская область','','2'),(121,'Караганда','120','2'),(122,'Темиртау','120','2'),(123,'Жезказган','120','2'),(124,'Сатпаев','120','2'),(125,'Балхаш','120','2'),(126,'Сарань','120','2'),(127,'Шахтинск','120','2'),(128,'Каражал','120','2'),(129,'Приозёрск','120','2'),(130,'Абай','120','2'),(131,'Ботакара','120','2'),(132,'Актогай','120','2'),(134,'Аксу-Аюлы','120','2'),(135,'Киевка','120','2'),(136,'Каркаралинск','120','2'),(137,'Улытау','120','2'),(138,'Атасу','120','2'),(139,'Костанайская область','','2'),(140,'Рудный','139','2'),(141,'Лисаковск','139','2'),(142,'Костанай','139','2'),(143,'Аркалык','139','2'),(144,'Фёдоровка','139','2'),(145,'Узунколь','139','2'),(146,'Тарановское','139','2'),(147,'Сарыколь','139','2'),(148,'Караменды','139','2'),(149,'Боровской','139','2'),(150,'Затобольск','139','2'),(151,'Карасу','139','2'),(152,'Карабалык','139','2'),(153,'Камысты','139','2'),(154,'Житикара','139','2'),(155,'Тургай','139','2'),(156,'Денисовка','139','2'),(157,'Аулиеколь','139','2'),(158,'Амангельды','139','2'),(159,'Убаганское','139','2'),(161,'Кызылординская область','','2'),(162,'Кызылорда','161','2'),(163,'Аральск','161','2'),(164,'Айтеке-Би','161','2'),(165,'Жосалы (Джусалы)','161','2'),(166,'Жаланаш (Джалагаш)','161','2'),(167,'Теренозек','161','2'),(168,'Шиели (Чиили)','161','2'),(169,'Жанакорган (Яныкурган)','161','2'),(170,'Мангистауская область','','2'),(171,'Актау','170','2'),(172,'Жанаозен','170','2'),(173,'Бейнеу','170','2'),(174,'Курык','170','2'),(175,'Шетпе','170','2'),(176,'Мангистау','170','2'),(177,'Форт-Шевченко','170','2'),(178,'Павлодарская область','','2'),(179,'Экибастуз','178','2'),(180,'Павлодар','178','2'),(181,'Аксу (Ермак)','178','2'),(182,'Щербакты (Шарбакты)','178','2'),(183,'Успенка','178','2'),(184,'Коктобе','178','2'),(185,'Акку (Лебяжье)','178','2'),(186,'Теренколь (Теренкол)','178','2'),(187,'Иртышск (Иртыш, Ертис)','178','2'),(188,'Железинка','178','2'),(189,'Баянаул','178','2'),(190,'Актогай','178','2'),(191,'Северо-Казахстанская область','','2'),(192,'Петропавловск','191','2'),(193,'Саумалколь','191','2'),(194,'Талшик','191','2'),(195,'Смирново','191','2'),(196,'Явленка','191','2'),(197,'Пресновка','191','2'),(198,'Булаево','191','2'),(199,'Бишкуль','191','2'),(200,'Мамлютка','191','2'),(201,'Новоишимское','191','2'),(202,'Тайынша','191','2'),(203,'Тимирязево','191','2'),(204,'Кишкенеколь','191','2'),(205,'Сергеевка','191','2'),(206,'Южно-Казахстанская область','','2'),(207,'Шымкент','206','2'),(208,'Арас','206','2'),(209,'Кентау','206','2'),(210,'Туркестан','206','2'),(211,'Шаян','206','2'),(212,'Казыгурт','206','2'),(213,'Жетысай','206','2'),(214,'Темирлановка','206','2'),(215,'Шаульдер','206','2'),(216,'Аксукент','206','2'),(217,'Сарыагаш','206','2'),(218,'Шолаккорган','206','2'),(219,'Ленгер','206','2'),(220,'Турар Рыскулов','206','2'),(221,'Шардара','206','2');
/*!40000 ALTER TABLE `regions` ENABLE KEYS */;
UNLOCK TABLES;

--
-- Table structure for table `user`
--

DROP TABLE IF EXISTS `user`;
/*!40101 SET @saved_cs_client     = @@character_set_client */;
/*!40101 SET character_set_client = utf8 */;
CREATE TABLE `user` (
  `id` int(11) NOT NULL AUTO_INCREMENT,
  `date` int(11) NOT NULL,
  `name` text NOT NULL,
  `email` text NOT NULL,
  `phone` text NOT NULL,
  `region` text NOT NULL,
  `city` text NOT NULL,
  `pass` text NOT NULL,
  `status` int(11) NOT NULL,
  `mail_status` int(11) NOT NULL,
  PRIMARY KEY (`id`)
) ENGINE=InnoDB AUTO_INCREMENT=63 DEFAULT CHARSET=utf8;
/*!40101 SET character_set_client = @saved_cs_client */;

--
-- Dumping data for table `user`
--

LOCK TABLES `user` WRITE;
/*!40000 ALTER TABLE `user` DISABLE KEYS */;
INSERT INTO `user` VALUES (0,0,'Служба поддержки','афаыаыфвафывафывафыварфывлдоарлдфоарлфыоарлдорafsdfaggjkdgf','','','','gsdgsdgfsdgsdjkdgklsdjgfsjk',312313,0),(10,1482304129,'Леха','qwe@mail.ru','123','2','4','777smu15',0,0),(11,1482304870,'Евгений Викторович Тумандеев','tumandeev@list.ru','+77073569649','2','4','0as123456789',0,0),(12,1482305074,'Виталий','rsm-tv@heliac.net','+77773412727','2','4','12qwaszx',0,0),(13,1482325357,'Антон','Puz_zone@mail.ru','87018873156','2','4','2612a1018',0,0),(14,1482394873,'Gadget Freeman','gadgetlikeyou@list.ru','+77074597807','2','4','anykey',0,0),(15,1482475042,'Tatyana','yakuba1987@bk.ru','+77018873165','2','4','pajeroyozh',0,0),(16,1482621722,'W','W','W','2','10','qqq',0,0),(17,1482652461,'Алия','berdenova@mail.ru','+7(747)362-68-63','2','4','qwerty',0,0),(21,1483451996,'imort','imorrt@gmail.com','87778141121','2','4','sipyltyra',0,0),(22,1483699308,'Admin','saawok@list.ru','','2','','Opa',0,0),(23,1483699518,'PaCaK','apacenko@inbox.ru','','2','4','12122002',0,0),(24,1484032658,'Erke','mcerkeli@mail.ru','','2','4','qwertyui',0,0),(25,1484056229,'Erema','Bozymbekov.e@mail.ru','','2','4','boza250990',0,0),(26,1484056557,'Carbonat','peretrubacia@list.ru','','2','4','Fantom',0,0),(27,1484057003,'SaaWok','saawok@yandex.ru','','2','4','4590uaskdj32uYAXH',0,0),(34,1484061295,'Нурлан','tuleschev1@gmail.com','','2','4','h09021994',0,0),(35,1484113042,'Ishtvan','skovikov.ivan@gmail.com','','2','4','vrata102030',0,0),(36,1484119196,'SundeyGirls','sl_eremin@mail.ru','','2','4','SwetService',0,0),(37,1484127150,'Lisa','l.kamiren23@gmail.com','','2','4','qwerty23',0,0),(38,1484133534,'BMW ','Infobmwalmaty@mail.ru','','2','4','Hishnik1',0,0),(39,1484203029,'zhan-nazik@mail.ru','zhan-nazik@mail.ru','','2','4','ytdblbv1',0,0),(40,1484204887,'Бек','kputuk89@mail.ru','','2','4','kaka6ka',0,0),(41,1484208168,'Марат','dauren-ktl@mail.ru','','2','11','1994Dake',0,0),(42,1484210768,'farid','farid013kz@mail.ru','','2','4','87014904696f',0,0),(43,1484278797,'Elena','lenaporturovskaya@gmail.com','','2','4','gavrilko',0,0),(44,1484289876,'Тина','Kristina.sisun@mail.ru','','2','4','12345qwerty',0,0),(45,1484292661,'4EPHO6bIJLb','ivan-zapravdin@inbox.ru','','94','95','DRAGONBEAR2103',0,0),(46,1484292853,'Raha','Biz_3022@mail.ru','','2','4','170873',0,0),(47,1484293484,'whirothary','vs@vitalik.kz','','2','4','HuStLe777',0,0),(48,1484294597,'Adverter','regon@storeled.kz','','2','4','asdwsx',0,0),(49,1484309779,'PyroCrafter','aleksbio@mail.ru','','2','4','02616461bio',0,0),(50,1484377420,'Ksandr','www.ksandr-18_86@mail.ru','','2','4','KsandrMmc2517',0,0),(51,1484378632,'Виктор','mzzdog@rambler.ru','','2','4','12qwaszx',0,0),(52,1484380972,'Saulena@bk.ru','saulena@bk.ru','','2','4','123vzlet',0,0),(53,1484385548,'Лёва','canis66@mail.ru','','2','4','zaq2647417',0,0),(54,1484396448,'Shirina16','Shirinochka25@gmail.com','','2','4','shirina16',0,0),(55,1484406622,'AidarbekovaMarziya','aidarbekovamarziya1998@gmail.com','','2','4','rysbek123',0,0),(56,1484475656,'Наталья','natalya_pr@bk.ru','','2','4','Nata1986',0,0),(57,1484528630,'Ильяс','iliyas.kubriyan@gmail.com','','2','4','iliyas12',0,0),(58,1484551696,'Тим','tim_696@list.ru','','2','4','qwerty',0,0),(59,1484557773,'Calkuliator ','Maluxakot@mail.ru','','2','4','qwerty',0,0),(60,1484560536,'Ритоль','faz.ritoll@mail.ru','','2','4','mama2017',0,0),(61,1484577648,'Аскет','asket_kz@mail.ru','','29','30','03021979asket',0,0),(62,1484642324,'Tst','Tsn@mail.com','','29','30','123',0,0);
/*!40000 ALTER TABLE `user` ENABLE KEYS */;
UNLOCK TABLES;

--
-- Table structure for table `white_ads`
--

DROP TABLE IF EXISTS `white_ads`;
/*!40101 SET @saved_cs_client     = @@character_set_client */;
/*!40101 SET character_set_client = utf8 */;
CREATE TABLE `white_ads` (
  `id` int(11) NOT NULL AUTO_INCREMENT,
  `user` text NOT NULL,
  `ads` text NOT NULL,
  PRIMARY KEY (`id`)
) ENGINE=InnoDB AUTO_INCREMENT=30 DEFAULT CHARSET=utf8;
/*!40101 SET character_set_client = @saved_cs_client */;

--
-- Dumping data for table `white_ads`
--

LOCK TABLES `white_ads` WRITE;
/*!40000 ALTER TABLE `white_ads` DISABLE KEYS */;
INSERT INTO `white_ads` VALUES (12,'8','35'),(13,'8','31'),(17,'8','37'),(19,'12','46'),(22,'14','48'),(23,'12','54'),(24,'12','48'),(26,'14','55'),(27,'10','54'),(28,'62','62'),(29,'62','60');
/*!40000 ALTER TABLE `white_ads` ENABLE KEYS */;
UNLOCK TABLES;
/*!40103 SET TIME_ZONE=@OLD_TIME_ZONE */;

/*!40101 SET SQL_MODE=@OLD_SQL_MODE */;
/*!40014 SET FOREIGN_KEY_CHECKS=@OLD_FOREIGN_KEY_CHECKS */;
/*!40014 SET UNIQUE_CHECKS=@OLD_UNIQUE_CHECKS */;
/*!40101 SET CHARACTER_SET_CLIENT=@OLD_CHARACTER_SET_CLIENT */;
/*!40101 SET CHARACTER_SET_RESULTS=@OLD_CHARACTER_SET_RESULTS */;
/*!40101 SET COLLATION_CONNECTION=@OLD_COLLATION_CONNECTION */;
/*!40111 SET SQL_NOTES=@OLD_SQL_NOTES */;

-- Dump completed on 2017-01-18 14:51:18
